media_subtype,vendor
OUT DOOR,PIXEL KOMUNITAS; PT
MAGAZINE,HITAWASANA LUHUR; PT
OUT DOOR,SUPRA MEDIA NUSANTARA; PT.
MAGAZINE,PENERBITAN SARANA BOBO; PT
OUT DOOR,Prisma Harapan. PT
OUT DOOR,ANUGRAH ANTARIKSA SEJATI; PT.
OUT DOOR,BOOMEE BUSINESS NUSANTARA; PT.
OUT DOOR,MEDIA INDRA BUANA
OUT DOOR,MOVING WALLS INDONESIA; PT
TV FTA,CAKRAWALA ANDALAS TELEVISI; PT.
TV FTA,METROPOLITAN TELEVISINDO; PT.
TV FTA,DUTA VISUAL NUSANTARA TIVI TUJUH; PT.
OUT DOOR,GRAHA LESTARI ADVERTINDO; PT
OUT DOOR,TARGET MEDIA GRUP; PT
TV FTA,CITAPRIMA JAKARTA TELEVISI; PT
OUT DOOR,IDEAL MEDIA SOLUTION;PT
TV FTA,MNC TELEVISI NETWORK; PT.
TV FTA,SURYA CITRA TELEVISI; PT. 
TV FTA,TELEVISI TRANSFORMASI INDO; PT. 
OUT DOOR,PARAGON PRATAMA TEKNOLOGI; PT.
OUT DOOR,CITY VISION; PT.
OUT DOOR,BOSS PENCIPTA KREASI; PT
TV FTA,INDOSIAR VISUAL MANDIRI; PT. TBK.
TV FTA,MNCTV
TV FTA,NET MEDIATAMA TELEVISI; PT
TV FTA,LATIVI MEDIA KARYA TVONE; PT.
TV FTA,GLOBAL INFORMASI BERMUTU; PT.
MAGAZINE,ELIA MEDIATAMA INDONESIA; PT
MAGAZINE,MEDIA INSANI ABADI; PT
OUT DOOR,ALTERNATIVE DIGITAL MEDIA GROUP; PT.
TV FTA,RAJAWALI CITRA TELEVISI; PT. 
OUT DOOR,RAJAWALI MEDIA; PT.
MAGAZINE,ZAMRUD KHATULISTIWA MEDIA PT.
OUT DOOR,CAHAYA BERKAT SEMPURNA; PT
OUT DOOR,DIVAINTAN PUTRI PRATAMA PT
OUT DOOR,VIAEIGHT INDONESIA; PT
TV FTA,CIPTA MEGASWARA TELEVISI; PT.
TV PAY,MNC SKY VISION; PT. TBK.
OUT DOOR,TRIMEDI IMAJI REKSO ABADI; PT
OUT DOOR,WARNA WARNI MEDIA; PT.
OUT DOOR,INTEGRASI TRANSIT JAKARTA PT.
PROPRIETARY MEDIA,WIRA PAMUNGKAS PARIWARA; PT (PROPRIETARY MEDIA - RCTI)
PROPRIETARY MEDIA,WIRA PAMUNGKAS PARIWARA; PT (PROPRIETARY MEDIA - SCTV)
TV,MDTV MEDIA TELEVISI PT.
MAGAZINE,AMANAH PRIMA ABADI; PT
OUT DOOR,FOCUS MEDIA INDONESIA; PT.
RADIO,MEDIA NETWORK ATLAS INDONESIA PT
PROPRIETARY MEDIA,WIRA PAMUNGKAS PARIWARA; PT (PROPRIETARY MEDIA - TRANS7)
TV,OMNI INTIVISION;PT
PROPRIETARY MEDIA,WIRA PAMUNGKAS PARIWARA; PT (PROPRIETARY MEDIA - IVM)
CINNEMA,GRAHA LAYAR PRIMA; PT
TV,WIRA PAMUNGKAS PARIWARA; PT. (TRADING TV OMNI- MOJI)
PROPRIETARY MEDIA,WIRA PAMUNGKAS PARIWARA; PT (PROPRIETARY MEDIA - MNCTV)
OUT DOOR,MAHAKA VISUAL INTEGRA; PT
PROPRIETARY MEDIA,WIRA PAMUNGKAS PARIWARA; PT (PROPRIETARY MEDIA - TRANSTV)
TV FTA,MEDIA TELEVISI INDONESIA; PT.
OUT DOOR,RAINBOW ASIA POSTERS; PT.
PROPRIETARY MEDIA,WIRA PAMUNGKAS PARIWARA; PT (PROPRIETARY MEDIA - ANTV)
CINNEMA,CINEMA 21 CINEPLEX
NEWSPAPPER,BANJARMASIN POST
NEWSPAPPER,WARTA MEDIA NUSANTARA; PT.
NEWSPAPPER,TRIBUN JABAR
OUT DOOR,MITRA INOVASI GEMILANG; PT
PROPRIETARY MEDIA,WIRA PAMUNGKAS PARIWARA; PT (INVENTORY MEDIA - MNCTV)
RADIO,FASIH MEDIA HARAPAN; PT.
RADIO,Q RADIO JOGJA
PROPRIETARY MEDIA,WIRA PAMUNGKAS PARIWARA; PT (INVENTORY MEDIA - TRANS)
PROPRIETARY MEDIA,WIRA PAMUNGKAS PARIWARA; PT (INVENTORY MEDIA - TRANS7)
PROPRIETARY MEDIA,WIRA PAMUNGKAS PARIWARA; PT (PROPRIETARY MEDIA - RTV)
PROPRIETARY MEDIA,CITAPRIMA JAKARTA TELEVISI; PT
TV,WIRA PAMUNGKAS PARIWARA; PT. (TRADING TV OMNI-MOJI)
PROPRIETARY MEDIA,WIRA PAMUNGKAS PARIWARA PT. (TRADING MENTARI TV)
TV,LES` COPAQUE PRODUCTION SDN. BHD.
ADDRESSABLE TV(ICO),GAGAS MAHADAYA INDERA; PT. (ICO) - FINECAST
OUT DOOR,AVABANINDO PERKASA; PT
PROPRIETARY MEDIA,WIRA PAMUNGKAS PARIWARA; PT (INVENTORY MEDIA - ANTV)
PROPRIETARY MEDIA,WIRA PAMUNGKAS PARIWARA; PT (INVENTORY MEDIA - RCTI)
OUT DOOR,PT BLUE BIRD TBK
OUT DOOR,SHOPCOMM SOLUSI INDONESIA; PT
OUT DOOR,TARGET MEDIA NUSANTARA; PT.
RADIO,RADIO GEMA CECYA DHAKSINARGA; PT
ADDRESSABLE TV,GAGAS MAHADAYA INDERA; PT. (FINECAST)
RADIO,PRAMBORS JAKARTA
PROPRIETARY MEDIA,WIRA PAMUNGKAS PARIWARA; PT (INVENTORY MEDIA - IVM)
RADIO,RADIO FORTUNA BEWARA SUARA; PT.
NEWSPAPPER,KONTAN
CINNEMA,CINEMAXX GLOBAL PASIFIK; PT.
PROPRIETARY MEDIA,WIRA PAMUNGKAS PARIWARA; PT (INVENTORY MEDIA - INEWS)
TV FTA,VIVA TELEVISI OLAHRAGA INDONESIA PT.
RADIO,PARAMUDA 93.70 FM  BANDUNG
RADIO,RADIO PARAMITA JAYA PERKASA; PT
PROPRIETARY MEDIA,WIRA PAMUNGKAS PARIWARA; PT (PROPRIETARY MEDIA - GTV)
PROPRIETARY MEDIA,WIRA PAMUNGKAS PARIWARA; PT (INVENTORY MEDIA - SCTV)
PROPRIETARY MEDIA,CITAPRIMA JAKARTA TELEVISI; PT
PROPRIETARY MEDIA,WIRA PAMUNGKAS PARIWARA; PT (INVENTORY MEDIA - RTV)
PROPRIETARY MEDIA,WIRA PAMUNGKAS PARIWARA; PT (PROPRIETARY MEDIA - INEWS)
OUT DOOR,POINT OF SALE MEDIA NETWORK PT
RADIO,RADIO NIRWANA; PT
OUT DOOR,HELPIO GLOVIN TEKNOLOGI; PT.
ADDRESSABLE TV,GAGAS MAHADAYA INDERA; PT. (FINECAST)
OUT DOOR,KELAPA MEDIA INDONESIA; PT.
OUT DOOR,PIXEL ART INDONESIA; PT
RADIO,RADIO PROSALIRIKNADA; PT
TV,TRANS NEW CORPORA; PT.
TV PAY,TRANS DIGITAL MEDIA; PT
TV,Wavemaker Singapore
MAGAZINE,BINTANG CIPTA SARANA PT.
RADIO,UNISI 104.50 FM  YOGYAKARTA
NEWSPAPPER,JAWA POS
NEWSPAPPER,KOMPAS
TV,SPOTV MEDIA PTE. LTD.
OUT DOOR,Narada Sahara Kencana; PT
NEWSPAPPER,SURYA
PROPRIETARY MEDIA,WIRA PAMUNGKAS PARIWARA; PT (INVENTORY MEDIA - GTV)
OUT DOOR,PULAU PULAU MEDIA; PT.
MAGAZINE,HIGHEND MULTIMEDIA INDONESIA;PT
MAGAZINE,MEDIA INSANI ABADI PT.
TV FTA,GRAMEDIA MEDIA NUSANTARA; PT.
PROPRIETARY MEDIA,WIRA PAMUNGKAS PARIWARA; PT (INVENTORY MEDIA - KOMPAS TV)
TV PAY,TELEKOMUNIKASI SELULAR; PT.
TV,TELEKOMUNIKASI SELULAR; PT.
RADIO,RADIO SALAM RAMA DWIHASTA; PT
RADIO,EKATANA INTRASURYA PERSADA PT. (RD)
RADIO,JAK FM  JAKARTA
OUT DOOR,ADVISINDO ARTISTIKA PT.
OUT DOOR,AIRPORT MEDIA NETWORK; PT.
OUT DOOR,MITRA INOVASI GEMILANG; PT
RADIO,MAHAKA RADIO DIGITAL;PT
OUT DOOR,Digital Frame Indonesia. PT.
PROPRIETARY MEDIA,WIRA PAMUNGKAS PARIWARA; PT (PROPRIETARY MEDIA - KOMPAS TV)
OUT DOOR,MEDIA PROMOSI INDONESIA PT
MAGAZINE,INFOARTA PRATAMA; PT
RADIO,NBS/NASIONAL BUANA SWARA
OUT DOOR,WICAKSANA CV
RADIO,RADIO ATTAHIRIYAH; PT
OUT DOOR,PSIM JAYA JOGJAKARTA PT.
RADIO,RADIO SWARA INDAH SUKABUMI. PT
RADIO,KIS FM  JAKARTA
NEWSPAPPER,JURNALINDO AKSARA GRAFIKA; PT
OUT DOOR,EKATANA INTRASURYA PERSADA PT. (OOH)
OUT DOOR,MULIA INTIPELANGI; PT.
NEWSPAPPER,BALI POST
TV PAY,LINKNET; PT. TBK
NEWSPAPPER,BINA MEDIA TENGGARA; PT
OUT DOOR,PT. GARUDA SEPAKBOLA  INDONESIA
NEWSPAPPER,MEDIA INDONESIA
RADIO,RADIO FISKARIA JAYA SUARA SURABAYA; PT
PROPRIETARY MEDIA,WIRA PAMUNGKAS PARIWARA PT; (TRADING MENTARI TV)
NEWSPAPPER,HARIAN TRIBUN MEDAN
NEWSPAPPER,TRIBUN KALTIM
OUT DOOR,THE PERFECT MEDIA; PT.
OUT DOOR,TEAM LIQUID INDONESIA PT.
MAGAZINE,SENIOR MARKETING SYSTEM INDONESIA; PT
NEWSPAPPER,TRIBUN JOGJA
NEWSPAPPER,TRIBUN PONTIANAK
OUT DOOR,MELANIA CITRA PERMATA PT.
MAGAZINE,TEMPO
NEWSPAPPER,KEDAULATAN RAKYAT
OUT DOOR,ODY LESTARI; PT
NEWSPAPPER,RADAR KUDUS
RADIO,KISS 105 FM  MEDAN
MAGAZINE,COSMOPOLITAN
RADIO,PRAMBORS  SOLO
RADIO,JARINGAN DELTA FEMALE INDONESIA; PT.
OUT DOOR,BHLN. IMD MEDIA PTE LTD
MAGAZINE,KOMPAS MEDIA NUSANTARA; PT
NEWSPAPPER,BALI MEDIA GRAFIKA; PT.
OUT DOOR,PT. MITRA MUDA JAYA
RADIO,CITRA MEGASWARA
NEWSPAPPER,TRIBUN PEKANBARU
NEWSPAPPER,SRIWIJAYA POST
TV,PT Bersatu Universe Digital Indonesia (Television)
RADIO,DELTA FM JAKARTA
NEWSPAPPER,RADAR BOJONEGORO
OUT DOOR,PT. KREASI ANTAR RUPA
NEWSPAPPER,TRIBUN LAMPUNG (LAMPUNG MEDIA GRAFIKA PT)
RADIO,RIA CINDELARAS  INDRAMAYU
OUT DOOR,REED EXHIBITIONS INDONESIA; PT
NEWSPAPPER,TRIBUN TIMUR
NEWSPAPPER,PIKIRAN RAKYAT
NEWSPAPPER,LOMBOK POST
MAGAZINE,KOMUNIKASI PERKASA INTERNATIONAL; PT.
OUT DOOR,AIR BIRU GERHANA PT
OUT DOOR,PT. ESENSI KREASI INDONESIA
CONTENT & PRODUCTION,MP GAMES; PT.
SPONSORSHIP/ PACKAGE,SHOPEE INTERNATIONAL INDONESIA; PT
VIDEO,GOOGLE INDONESIA; PT
PAID VIDEO,MP GAMES; PT.
PAID VIDEO,FACEBOOK IRELAND LIMITED.
FEE,DOUBLE VERIFY INC
CONTENT & PRODUCTION,GAGAS MAHADAYA INDERA; PT. (INCA)
PAID NON VIDEO,FACEBOOK IRELAND LIMITED.
DISPLAY,ECART WEBPORTAL INDONESIA; PT.
VIDEO (ICO),GAGAS MAHADAYA INDERA; PT. (ICO)
CONTENT & PRODUCTION,TRANS DIGITAL MEDIA; PT
FEE,CCHANEL MEDIA INDONESIA; PT.
SPONSORSHIP/ PACKAGE,TOKOPEDIA; PT.
SEARCH,TOKOPEDIA; PT.
VIDEO,GAGAS MAHADAYA INDERA; PT.
SPONSORSHIP/ PACKAGE,FACEBOOK IRELAND LIMITED.
CONTENT & PRODUCTION,SAMINDRA UTAMA; PT.
CONTENT & PRODUCTION,FACEBOOK IRELAND LIMITED.
FEE,MEDIA MITRA BUNDA (MAJALAH PREGNANCY)
CONTENT & PRODUCTION,NARASI CITRA SAHWAHITA; PT
TECH SERVICE,ZEFR Inc.
AD-OPS,INTEGRAL AD SCIENCE SINGAPORE PTE LTD
INFLUENCER,AD ASIA TECHNOLOGY INDONESIA
ECOMMERCE,FACEBOOK IRELAND LIMITED.
CONTENT & PRODUCTION,MINDO SMALL BUSINESS SOLUTIONS PT.
DISPLAY,AXIATA DIGITAL ANALYTICS INDONESIA; PT.
VIDEO,THE TRADE DESK; INC.
MOBILE APP,FREAKOUT DEWINA INDONESIA; PT.
AD-OPS,GOOGLE INDONESIA; PT
DISPLAY,GOOGLE INDONESIA; PT
DISPLAY,SHOPEE INTERNATIONAL INDONESIA; PT
PAID VIDEO,TWITTER ASIA PASIFIC. PTE. LTD
VIDEO,GAGAS MAHADAYA INDERA; PT.
AFFILIATE,SHOPEE INTERNATIONAL INDONESIA; PT
SEM,GOOGLE INDONESIA; PT
TECH SERVICE,DOUBLE VERIFY INC
CONTENT & PRODUCTION,UNTUNG SELALU SUKSES; PT
DISPLAY,TOKOPEDIA; PT.
VIDEO (ICO),GAGAS MAHADAYA INDERA; PT. (ICO)
PAID NON VIDEO,MP GAMES; PT.
PAID INFLUENCER ACTIVATION,VIRAL PITCH TECHOLOGIES PTE. LTD. (SPORE)
DISPLAY,ASTRO TECHNOLOGIES INDONESIA ; PT
FEE,GAGAS MAHADAYA INDERA; PT.
INFLUENCER,GAGAS MAHADAYA INDERA; PT. (INCA)
CONTENT & PRODUCTION,TELEKOMUNIKASI SELULAR; PT.
CONTENT & PRODUCTION,ANYMIND TECHNOLOGY INDONESIA; PT.
CONTENT & PRODUCTION,ANYMIND TECHNOLOGY INDONESIA; PT.
VIDEO,GAGAS MAHADAYA INDERA; PT.
AFFILIATE,GLOBAL DIGITAL NIAGA; PT
VIDEO (ICO),GAGAS MAHADAYA INDERA; PT. (ICO) - Programmatic
SPONSORSHIP/ PACKAGE,SHOPEE INTERNATIONAL INDONESIA; PT
FEE,FLASHTALKING PTY LIMITED
INFLUENCER,VIRAL PITCH TECHNOLOGIES PRIVATE LIMITED
ECOMMERCE,PT. GLOBAL JET ECOMMERCE
TECH SERVICE,WPP Marketing Communications (Malaysia) Sbn Bhd
VIDEO,SHOPEE INTERNATIONAL INDONESIA; PT
MOBILE APP,Affinity Global Inc
FEE,GOOGLE INDONESIA; PT
AFFILIATE,ECART WEBPORTAL INDONESIA; PT.
DISPLAY (ICO),GAGAS MAHADAYA INDERA; PT. (ICO) - Programmatic
CONTENT & PRODUCTION,TRANS DIGITAL MEDIA; PT
DISPLAY,GAGAS MAHADAYA INDERA; PT.
FEE,POPS ENTERTAIMENT GROUP; PT
DISPLAY,FACEBOOK IRELAND LIMITED.
DISPLAY,GLOBAL DIGITAL NIAGA; PT
INFLUENCER,CLOZETTE INTERAKTIF INDONESIA; PT.
VIDEO,ADV (SEA) PTE. LTD.
VIDEO,GOOGLE INDONESIA; PT
PACKAGE,KOMPAS CYBER MEDIA; PT.
DISPLAY,GRAB TEKNOLOGI INDONESIA; PT.
DISPLAY,TRANS DIGITAL MEDIA; PT
DISPLAY,GLOBAL LOYALTY INDONESIA; PT
TECH SERVICE,INTELLECTADS MEDIA PTE. LTD.
CONTENT & PRODUCTION,MAHA KARYA CITRAPRASADA PT.
VIDEO,YIELD MARKETING TECHNOLOGY; PT.
INFLUENCER,ANYMIND TECHNOLOGY INDONESIA; PT.
AD-OPS,INTEGRAL AD SCIENCE SINGAPORE PTE LTD
AD-OPS,GOOGLE INDONESIA; PT
MOBILE APP,BITSMEDIA PTE. LTD.
VIDEO,GAGAS MAHADAYA INDERA; PT.
DISPLAY,THE TRADE DESK; INC.
FEE (ICO),GAGAS MAHADAYA INDERA; PT. (ICO)
SEARCH,ECART WEBPORTAL INDONESIA; PT.
CONTENT & PRODUCTION,GAGAS MAHADAYA INDERA; PT. (INCA)
DISPLAY,GAGAS MAHADAYA INDERA; PT.
VIDEO,GOOGLE INDONESIA; PT (NDS)
PACKAGE,CLOZETTE INTERAKTIF INDONESIA; PT.
ECOMMERCE,MP GAMES; PT.
INFLUENCER,SUPER FANTASI DOT COM PT.
AD-OPS,ROCKET MEDIA GLOBAL;PT
PUBLISHER,GAGAS MAHADAYA INDERA; PT. (ICO) - INCA
DISPLAY,TELEKOMUNIKASI SELULAR; PT.
FEE,AD ASIA TECHNOLOGY INDONESIA
FEE,SILVERPUSH GLOBAL PTE. LTD
PAID VIDEO,MP GAMES; PT. (NDS)
CONTENT & PRODUCTION,YIELD MARKETING TECHNOLOGY; PT.
OOH,GOOGLE INDONESIA; PT
AFFILIATE,GAGAS MAHADAYA INDERA; PT. (INCA)
CONTENT & PRODUCTION,MEDIA INSANI ABADI; PT.
CONTENT & PRODUCTION,TWITTER ASIA PASIFIC. PTE. LTD
CONTENT & PRODUCTION,FORMASI AGUNG SELARAS;  PT.
FEE,GAGAS MAHADAYA INDERA; PT. (INCA)
FEE,HOME TESTER INDONESIA; PT.
VIDEO,GOOGLE INDONESIA; PT
VIDEO,DREAM BAHAGIA INDONESIA; PT.
CONTENT & PRODUCTION,MNC OKEZONE NETWORK; PT
DISPLAY,DOUBLE VERIFY INC
INFLUENCER,GAGAS MAHADAYA INDERA; PT. (INCA)
DISPLAY,CRITEO SINGAPORE PTE. LTD.
CONTENT & PRODUCTION,MNC OKEZONE NETWORK; PT
ECOMMERCE,PT. MEDIA KREATIF SOLUSINDO
VIDEO,GAGAS MAHADAYA INDERA; PT.
CONTENT & PRODUCTION (ICO),GAGAS MAHADAYA INDERA; PT. (ICO)
CONTENT & PRODUCTION,PARTIPOST KREASI GLOBAL PRATAMA; PT
DISPLAY,DETEKSI BASKET LINTAS INDONESIA; PT
DISPLAY,INMOBI PTE. LTD.
SPONSORSHIP/ PACKAGE,BENTANG JELAJAH NUSANTARA PT. (INT)
VIDEO,IMAGE FUTURE INVESTMENT (HK) LTD
DISPLAY,GOOGLE INDONESIA; PT
AFFILIATE,GAGAS MAHADAYA INDERA; PT. (ICO) - INCA
FEE,SUPER FANTASI DOT COM PT.
DISPLAY,SHOPEE INTERNATIONAL INDONESIA; PT
CONTENT & PRODUCTION,DAILY DINAMIKA KREASI; PT.
AD-OPS,GOOGLE INDONESIA; PT
FEE,CLOZETTE INTERAKTIF INDONESIA; PT.
CONTENT & PRODUCTION,RUTE ENAMPULUHENAM INDONESIA; PT
LIVE STREAMING,SHOPEE INTERNATIONAL INDONESIA; PT
FEE,GOOGLE INDONESIA; PT
SPONSORSHIP/ PACKAGE,SHOPEE INTERNATIONAL INDONESIA; PT
ECOMMERCE,PT MISS SPICY INTERNATIONAL
DISPLAY,BERITA MEDIATAMA INDONESIA PT.
DISPLAY (ICO),GAGAS MAHADAYA INDERA; PT. (ICO)
CONTENT & PRODUCTION,SILVERPUSH GLOBAL PTE. LTD
VIDEO,VIDIO DOT COM; PT.
DISPLAY,DYNAMO MEDIA NETWORK; PT
TECH SERVICE,PT MINDO MANAGEMENT SOLUTIONS
VIDEO,AD ASIA TECHNOLOGY INDONESIA
DISPLAY,ADVOCACY WOM PTE LTD
SPONSORSHIP/ PACKAGE,WELOVESUPERMOM MARKETING INDONESIA; PT
DISPLAY,KEDO DIGITAL SOLUSI; PT.
AD-OPS,INTEGRAL AD SCIENCE SINGAPORE PTE LTD
VIDEO,GAGAS MAHADAYA INDERA; PT. (Programmatic)
CONTENT & PRODUCTION,SHOPEE INTERNATIONAL INDONESIA; PT
SEARCH,SHOPEE INTERNATIONAL INDONESIA; PT
FEE,ADV (SEA) PTE. LTD.
AD-OPS,INTEGRAL AD SCIENCE SINGAPORE PTE LTD
DISPLAY,KOMPAS CYBER MEDIA; PT.
AUDIO,THE TRADE DESK; INC.
SPONSORSHIP/ PACKAGE,GLOBAL LOYALTY INDONESIA; PT
PACKAGE,GAGAS MAHADAYA INDERA; PT. (INCA)
CONTENT & PRODUCTION,TICKLED AUDIENCE PLATFORM; PT
CONTENT & PRODUCTION,AD ASIA TECHNOLOGY INDONESIA
VIDEO (ICO),GAGAS MAHADAYA INDERA; PT. (ICO) - Programmatic
VIDEO,LIPUTAN6 DOT COM
MOBILE APP,GRAB TEKNOLOGI INDONESIA; PT.
AFFILIATE,INVOLVE ASIA INDONESIA;PT
DISPLAY,ALODOKTER TEKNOLOGI SOLUSI; PT
VIDEO,GAGAS MAHADAYA INDERA; PT. (Programmatic)
PAID VIDEO,HTTPOOL DIGITAL INDONESIA; PT.
INFLUENCER,LIPUTAN6 DOT COM
SEARCH,PT. MEDIA KAPITAL INDONESIA
PUBLISHER,KOMPAS CYBER MEDIA; PT.
DISPLAY,INDOSAT TBK; PT.
DISPLAY,AD ASIA TECHNOLOGY INDONESIA
TECH SERVICE,CHANNEL FACTORY ASIA PACIFIC PTE. LTD.
CONTENT & PRODUCTION,VAKANSI DEDIKASI SEMESTA PT.
DISPLAY,MIMS Pte Ltd
CONTENT & PRODUCTION,KOMPAS CYBER MEDIA; PT.
CONTENT & PRODUCTION,AD ASIA TECHNOLOGY INDONESIA
CONTENT & PRODUCTION,MEDIA PUTRA NUSANTARA
DISPLAY,LIPUTAN6 DOT COM
SPONSORSHIP/ PACKAGE,GRAB TEKNOLOGI INDONESIA; PT.
CONTENT & PRODUCTION,MUDA MUDI BERKARYA SEJAHTERA; PT
CONTENT & PRODUCTION,BEAUTINESIA MEDIA NUSANTARA; PT
SPONSORSHIP/ PACKAGE,ASTRO TECHNOLOGIES INDONESIA ; PT
DISPLAY,YIELD MARKETING TECHNOLOGY; PT.
CONTENT & PRODUCTION,TELEKOMUNIKASI SELULAR; PT.
VIDEO (ICO),GAGAS MAHADAYA INDERA; PT. (ICO)
DISPLAY,GOTO GOJEK TOKOPEDIA Tbk; PT
DISPLAY,GOTO GOJEK TOKOPEDIA Tbk; PT
SPONSORSHIP/ PACKAGE,SPOTIFY SERVICES INDONESIA; PT.
INFLUENCER,GAGAS MAHADAYA INDERA; PT. (ICO) - INCA
VIDEO,TOKOPEDIA; PT.
DISPLAY,ADMATTIC ASIA PACIFIC PT.
DISPLAY,ARKADIA MEDIA NUSANTARA; PT.
DISPLAY,FORK MEDIA ASIA PTE. LTD
DISPLAY,TELEKOMUNIKASI SELULAR; PT.
PAID VIDEO,MINDSHARE SINGAPORE
INFLUENCER,POPS ENTERTAIMENT GROUP; PT
DISPLAY,Mediadonuts Pte Ltd
INFLUENCER,GAGAS MAHADAYA INDERA; PT. (ICO) - INCA
CONTENT & PRODUCTION,LIPUTAN6 DOT COM
CONTENT & PRODUCTION,WARNA EMAS INDONESIA PT.
AD-OPS,DOUBLE VERIFY INC
INFLUENCER,ETCETERA ARTECHSINDO ;PT
SPONSORSHIP/ PACKAGE,TRANS DIGITAL MEDIA; PT
DISPLAY,GRAB TEKNOLOGI INDONESIA; PT.
CONTENT & PRODUCTION,GLOBAL LOYALTY INDONESIA; PT
DISPLAY,MAIDEN MARKETING PTE. LTD
DISPLAY,MAHAKA RADIO DIGITAL;PT
FEE,THE TRADE DESK; INC.
PUBLISHER,SUPER FANTASI DOT COM PT.
PUBLISHER,GAGAS MAHADAYA INDERA; PT. (INCA)
PUBLISHER,GAGAS MAHADAYA INDERA; PT. (INCA)
OOH,THE TRADE DESK; INC.
DISPLAY,HOME TESTER INDONESIA; PT.
CONTENT & PRODUCTION,GAGAS MAHADAYA INDERA; PT.
CONTENT & PRODUCTION,BRILIO VENTURA INDONESIA; PT.
SPONSORSHIP/ PACKAGE,CARBAY SERVICES INDONESIA; PT.
DISPLAY,XAPADS MEDIA PTE.LTD
DISPLAY,SMART MEDIA4U TECHNOLOGY PTE
DISPLAY,DAILY DINAMIKA KREASI; PT.
DISPLAY,HYBRID ADTECH PTE LTD
VIDEO,VIDIO DOT COM; PT.
DISPLAY,AFFLE INDONESIA; PT
AD-OPS,GOOGLE INDONESIA; PT
DISPLAY,ECART WEBPORTAL INDONESIA; PT.
TRAFFICC,TOKOPEDIA; PT.
DISPLAY,IMAGE FUTURE INVESTMENT (HK) LTD
AFFILIATE,GLOBAL LOYALTY INDONESIA; PT
TECH SERVICE,JIVOX CORP
CONTENT & PRODUCTION,FOLKA CIPTA KARYA; PT
CONTENT & PRODUCTION,LIPUTAN6 DOT COM
DISPLAY,ECART WEBPORTAL INDONESIA; PT.
AFFILIATE,SHOPBACK MITRA SEJAHTERA; PT.
AD-OPS,REMERGE PTE LTD
SEARCH,GLOBAL DIGITAL NIAGA; PT
FEE,GAGAS MAHADAYA INDERA; PT. (ICO) - INCA
VIDEO,TOTALLY AWESOME SINGAPORE PTE. LTD.
SPONSORSHIP/ PACKAGE,MP GAMES; PT.
INFLUENCER,MEDIA PUTRA NUSANTARA
DISPLAY,GLOBAL LOYALTY INDONESIA; PT
SPONSORSHIP/ PACKAGE,YIELD MARKETING TECHNOLOGY; PT.
SEARCH,GOTO GOJEK TOKOPEDIA Tbk; PT
PACKAGE,GAGAS MAHADAYA INDERA; PT. (ICO) - INCA
CONTENT & PRODUCTION,ARKADIA MEDIA NUSANTARA; PT.
INFLUENCER,GAGAS MAHADAYA INDERA; PT. (INCA)
CONTENT & PRODUCTION,VIVA MEDIA BARU PT.
CONTENT & PRODUCTION,AdColony Singapore PTE Ltd
DISPLAY,CRITEO SINGAPORE PTE. LTD.
CONTENT & PRODUCTION,TOKOBAGUS; PT.
CONTENT & PRODUCTION,GAGAS MAHADAYA INDERA; PT. (ICO) - INCA
CONTENT & PRODUCTION,PT. CITRA MULTIMEDIA INDONESIA
FEE,FACEBOOK IRELAND LIMITED.
SPONSORSHIP/ PACKAGE,ECART WEBPORTAL INDONESIA; PT.
SEM,GOOGLE INDONESIA; PT
VIDEO (ICO),GAGAS MAHADAYA INDERA; PT. (ICO) - Programmatic
SPONSORSHIP/ PACKAGE,TWITTER ASIA PASIFIC. PTE. LTD
CONTENT & PRODUCTION,ALODOKTER TEKNOLOGI SOLUSI; PT
DISPLAY,VISI CIPTA BENTARA LOKA; PT
CONTENT & PRODUCTION,GARENA INDONESIA; PT.
AD-OPS,GOOGLE INDONESIA; PT
PUBLISHER,GAGAS MAHADAYA INDERA; PT. (INCA)
AD-OPS,INTEGRAL AD SCIENCE SINGAPORE PTE LTD
DISPLAY,HTTPOOL DIGITAL INDONESIA; PT.
PAID NON VIDEO,TWITTER ASIA PASIFIC. PTE. LTD
VIDEO,ECART WEBPORTAL INDONESIA; PT.
DISPLAY,MOBINET PTE. LTD.
PUBLISHER,GAGAS MAHADAYA INDERA; PT. (ICO) - INCA
CONTENT & PRODUCTION,INMOBI PTE. LTD.
PACKAGE,GAGAS MAHADAYA INDERA; PT.
PACKAGE,POPS ENTERTAIMENT GROUP; PT
DISPLAY,RTB HOUSE PTE LTD
FEE,DREAM BAHAGIA INDONESIA; PT.
DISPLAY,HTTPOOL DIGITAL INDONESIA; PT.
FEE,GAGAS MAHADAYA INDERA; PT. (ICO) - INCA
SPONSORSHIP/ PACKAGE,GLOBAL DIGITAL NIAGA; PT
DISPLAY,FORK MEDIA ASIA PTE. LTD
DISPLAY,GRIVY DOTCOM; PT
MOBILE APP,TELEKOMUNIKASI SELULAR; PT.
DISPLAY,EKATANA INTRASURYA PERSADA PT.
SPONSORSHIP/ PACKAGE,ECART WEBPORTAL INDONESIA; PT.
VIDEO,VUCLIP DIGITAL INDONESIA PT.
CONTENT & PRODUCTION,HOME TESTER INDONESIA; PT.
DISPLAY,ESKIMI DIGITAL TECHNOLOGIES PT.
DISPLAY,TRIBUN DIGITAL ONLINE; PT.
CONTENT & PRODUCTION,MEDIA INNITY; PT.
SPONSORSHIP/ PACKAGE,TOP SKOR INDONESIA PT.
VIDEO,FORK MEDIA ASIA PTE. LTD
CONTENT & PRODUCTION,HELLO HEALTH GROUP; PTE LTD
TRAFFICC,SHOPEE INTERNATIONAL INDONESIA; PT
FEE,TOKOPEDIA; PT.
DISPLAY,GOTO GOJEK TOKOPEDIA Tbk; PT
AUDIO,GOOGLE INDONESIA; PT
SPONSORSHIP/ PACKAGE,PT. CITRA MULTIMEDIA INDONESIA
CONTENT & PRODUCTION,GRAB TEKNOLOGI INDONESIA; PT.
DISPLAY,ALPHA MERAH KREASI; PT.
CONTENT & PRODUCTION,ALODOKTER TEKNOLOGI SOLUSI; PT
AFFILIATE,IMPACT TECH SINGAPORE PTE.LTD
CONTENT & PRODUCTION,TRANS DIGITAL MEDIA; PT
SPONSORSHIP/ PACKAGE,GRIVY DOTCOM; PT
TECH SERVICE,INMOBI PTE. LTD.
SPONSORSHIP/ PACKAGE,Monster Entertainment Indonesia; PT
CONTENT & PRODUCTION,SHOPCOMM SOLUSI INDONESIA; PT
SPONSORSHIP/ PACKAGE,VUCLIP DIGITAL INDONESIA PT.
DISPLAY,TICKLED AUDIENCE PLATFORM; PT
CONTENT & PRODUCTION,Docquity Global Indonesia PT.
CONTENT & PRODUCTION,GRIVY DOTCOM; PT
CONTENT & PRODUCTION,DARTA MEDIA INDONESIA; PT
CONTENT & PRODUCTION,DOUBLE VERIFY INC
SPONSORSHIP/ PACKAGE,JAWA POS GROUP MULTIMEDIA; PT.
SPONSORSHIP/ PACKAGE,JURNALINDO AKSARA GRAFIKA; PT
SPONSORSHIP/ PACKAGE,Ruang Raya Indonesia PT.
SPONSORSHIP/ PACKAGE,SAMINDRA UTAMA; PT.
ECOMMERCE,DOUBLE VERIFY INC
TECH SERVICE,TRAVELOKA INDONESIA; PT
AFFILIATE,OPTIMISE MEDIA (SEA) PTE. LTD.
DISPLAY,ICART GROUP INDONESIA; PT.
VIDEO,TRANS DIGITAL MEDIA; PT
CONTENT & PRODUCTION,MEDIA PUTRA NUSANTARA
PUBLISHER,LIPUTAN6 DOT COM
MOBILE APP,INMOBI PTE. LTD.
CONTENT & PRODUCTION,MEDIA MITRA BUNDA (MAJALAH PREGNANCY)
CONTENT & PRODUCTION,KREASI KARYA BANGSA; PT
TECH SERVICE,SHOPALYST INC
SPONSORSHIP/ PACKAGE,GOTO GOJEK TOKOPEDIA Tbk; PT
CONTENT & PRODUCTION,FACEBOOK IRELAND LIMITED.
CONTENT & PRODUCTION,CHANDRA SAKTI; PT
PAID VIDEO,GAGAS MAHADAYA INDERA; PT. (ICO)
TECH SERVICE,CHANNEL FACTORY ASIA PACIFIC PTE. LTD.
VIDEO,GAGAS MAHADAYA INDERA; PT. (ICO)
DISPLAY,HIGINA ALADIN; PT.
CONTENT & PRODUCTION,MEDIA PUTRA NUSANTARA
AFFILIATE,SHOPBACK MITRA SEJAHTERA; PT.
AUDIO,GAGAS MAHADAYA INDERA; PT.
DISPLAY,VIDIO DOT COM; PT.
AFFILIATE,AD ASIA TECHNOLOGY INDONESIA
CONTENT & PRODUCTION,GLOBAL VISI MEDIA; PT
VIDEO,DOUBLE VERIFY INC
SPONSORSHIP/ PACKAGE,GLOBAL DIGILINE INDONESIA; PT.
CONTENT & PRODUCTION,JAWA POS GROUP MULTIMEDIA; PT.
CONTENT & PRODUCTION,DARTA MEDIA INDONESIA; PT
CONTENT & PRODUCTION,VOXXY MEDIA INDONESIA; PT
DISPLAY,GAGAS MAHADAYA INDERA; PT.
CONTENT & PRODUCTION,EKATANA INTRASURYA PERSADA PT.
AUDIO,SPOTIFY SERVICES INDONESIA; PT.
DISPLAY,WEB MARKETING INDONESIA; PT.
DISPLAY,KOLABORASI KREASI INVESTA;PT
VIDEO,MNC DIGITAL INDONESIA. PT
ANALYTICS,ESSENCE GLOBAL MEDIA SINGAPORE PTE. LTD
DISPLAY,Infomo Media Technology
CONTENT & PRODUCTION,BENSON MEDIA KREASI;  PT
PBU DISPLAY,Mediadonuts Pte Ltd
SPONSORSHIP/ PACKAGE,DARTA MEDIA INDONESIA; PT
SPONSORSHIP/ PACKAGE,MEDIA INSANI ABADI PT.
CONTENT & PRODUCTION,PT ROCCA KARYA INDONESIA
MOBILE APP,GOTO GOJEK TOKOPEDIA Tbk; PT
SEARCH,GRAB TEKNOLOGI INDONESIA; PT.
VIDEO,GRAB TEKNOLOGI INDONESIA; PT.
DISPLAY,ICART GROUP INDONESIA; PT.
CONTENT & PRODUCTION,TRANS DIGITAL MEDIA; PT
DISPLAY,IVIDEO SMART PTE LTD
VIDEO,SPOTIFY AB
CONTENT & PRODUCTION,AHQUOTE CIPTA DIGITAL PT
CONTENT & PRODUCTION,BINA MEDIA TENGGARA; PT
CONTENT & PRODUCTION,INMOBI PTE. LTD.
DISPLAY,TEKNOLOGI DIGITAL UTAMA; PT
TECH SERVICE,Athena Media Technologies PTE. LTD.
SEO,GAGAS MAHADAYA INDERA; PT. (ICO) - Optimisation
DISPLAY,KOLABORASI MEDIAPRENEUR NUSANTARA PT.
SPONSORSHIP/ PACKAGE,MEDIKA KOMUNIKA TEKNOLOGI; PT.
CONTENT & PRODUCTION,GUSHCLOUD INDONESIA GROUP;PT
VIDEO,GLOBAL DIGITAL NIAGA; PT
ANALYTICS,DOUBLE VERIFY INC
PACKAGE,SUPER FANTASI DOT COM PT.
VIDEO,GRAB TEKNOLOGI INDONESIA; PT.
AUDIO,SPOTIFY SERVICES INDONESIA; PT.
SPONSORSHIP/ PACKAGE,CERITA BAHAGIA; PT.
AD-OPS,HYBRID ADTECH PTE LTD
DISPLAY,PROMEDIA TEKNOLOGI INDONESIA PT.
SPONSORSHIP/ PACKAGE,INMOBI PTE. LTD.
CONTENT & PRODUCTION,DYNAMO MEDIA NETWORK; PT
FEE,AFFLE INDONESIA; PT
DISPLAY,KATADATA INDONESIA; PT (GAIKINDO MAGAZINE)
CONTENT & PRODUCTION,AFFLE INDONESIA; PT
DISPLAY,SILVERPUSH GLOBAL PTE. LTD
MOBILE APP,POP RAYA INDONESIA; PT
INFLUENCER,INDONESIA CREATORS ECONOMY; PT
SPONSORSHIP/ PACKAGE,LIPUTAN6 DOT COM
TECH SERVICE,VIRAL PITCH TECHOLOGIES PTE. LTD. (SPORE)
AUDIO,DOUBLE VERIFY INC
FEE,LIPUTAN6 DOT COM
VIDEO,GAGAS MAHADAYA INDERA; PT.
VIDEO,KOMPAS CYBER MEDIA; PT.
CONTENT & PRODUCTION,ESKIMI DIGITAL TECHNOLOGIES PT.
CONTENT & PRODUCTION,GAGAS MAHADAYA INDERA; PT. (ICO) - INCA
DISPLAY,IMPACT PLUS
DISPLAY,VUCLIP DIGITAL INDONESIA PT.
DISPLAY,GAGAS MAHADAYA INDERA; PT. (Programmatic)
SPONSORSHIP/ PACKAGE,IMAGE FUTURE INVESTMENT (HK) LTD
VIDEO,SILVERPUSH GLOBAL PTE. LTD
CONTENT & PRODUCTION,METRA-NET; PT
CONTENT & PRODUCTION,HADIAH POINT INDONESIA PT.
SPONSORSHIP/ PACKAGE,VIDIO DOT COM; PT.
DISPLAY,GAGAS MAHADAYA INDERA; PT.
CONTENT & PRODUCTION,PENERBITAN SARANA BOBO; PT
FEE,GRAHANUSA MEDIATAMA; PT.
DISPLAY,RCTI
VIDEO,SILVERPUSH GLOBAL PTE. LTD
VIDEO,TEKNOLOGI DIGITAL UTAMA; PT
DISPLAY,PT. GARUDA SEPAKBOLA  INDONESIA (DIGITAL)
CONTENT & PRODUCTION,KOMPAS CYBER MEDIA; PT.
CONTENT & PRODUCTION,LIPUTAN6 DOT COM
SPONSORSHIP/ PACKAGE,GLOBAL DIGITAL NIAGA; PT
VIDEO,TEADS INDONESIA ADVERTISING; PT
MOBILE APP,DARTA MEDIA INDONESIA; PT
FEE,DYNAMO MEDIA NETWORK; PT
PACKAGE,PT. MANTAPPU BERKAT DIGITAL
DISPLAY (ICO),GAGAS MAHADAYA INDERA; PT. (ICO)
DISPLAY,BINTANG LANGIT MULTIMEDIA; PT.
SPONSORSHIP/ PACKAGE,GRAB TEKNOLOGI INDONESIA; PT.
FEE,TICKLED AUDIENCE PLATFORM; PT
CONTENT & PRODUCTION,VOLIX SUARA GENERASI PT.
DIGITAL TV,DOUBLE VERIFY INC
TECH SERVICE,GAGAS MAHADAYA INDERA; PT.
VIDEO,DYNAMO MEDIA NETWORK; PT
SPONSORSHIP/ PACKAGE,SILVERPUSH GLOBAL PTE. LTD
AD-OPS,AFFLE INDONESIA; PT
TECH SERVICE,JIVOX CORP
DISPLAY,IKLAN DIGITAL INDONESIA PT.
CONTENT & PRODUCTION,VIDIO DOT COM; PT.
DISPLAY,HTTPOOL DIGITAL INDONESIA; PT.
SPONSORSHIP/ PACKAGE,FORK MEDIA ASIA PTE. LTD
SPONSORSHIP/ PACKAGE,ANDALAN CIPTA MAKMUR PT.
CONTENT & PRODUCTION,KONTEN CIPTA KREATIF; PT
CONTENT & PRODUCTION,TIRTA ADI SURYA; PT
DISPLAY (ICO),GAGAS MAHADAYA INDERA; PT. (ICO)
FEE,MEDIA AWAN DIGITAL INDONESIA; PT.
SPONSORSHIP/ PACKAGE,TELEKOMUNIKASI SELULAR; PT.
CONTENT & PRODUCTION,FORK MEDIA ASIA PTE. LTD
VIDEO,FACEBOOK IRELAND LIMITED.
FEE,BRILIO VENTURA INDONESIA; PT.
DISPLAY,YIELD MARKETING TECHNOLOGY; PT.
VIDEO,MOBINET PTE. LTD.
DISPLAY,TOKOPEDIA; PT.
PRODUCTION,GAGAS MAHADAYA INDERA; PT. (ICO) - INCA
VIDEO,GAGAS MAHADAYA INDERA; PT.
DISPLAY,KOMPAS MEDIA NUSANTARA; PT
DISPLAY,ASTRO TECHNOLOGIES INDONESIA ; PT
SPONSORSHIP/ PACKAGE,BILNA ; PT
DISPLAY,MEDIA DOKTER INVESTAMA; PT
CONTENT & PRODUCTION,GAGAS MAHADAYA INDERA; PT. (INCA)
CONTENT & PRODUCTION,VIDIO DOT COM; PT.
CONTENT & PRODUCTION,KAPAN LAGI DOT COM NETWORKS PT
CONTENT & PRODUCTION,METRA-NET; PT
SPONSORSHIP/ PACKAGE,HTTPOOL DIGITAL INDONESIA; PT.
CONTENT & PRODUCTION,DYNAMO MEDIA NETWORK; PT
AD-OPS,INMOBI PTE. LTD.
DISPLAY,ANYMIND TECHNOLOGY INDONESIA; PT.
AUDIO,MAHAKA RADIO DIGITAL;PT
ECOMMERCE,GAGAS MAHADAYA INDERA; PT. (ICO) - INCA
INFLUENCER,WELOVESUPERMOM MARKETING INDONESIA; PT
DISPLAY,GOTO SOLUSI NIAGA PT.
CONTENT & PRODUCTION,RANS Entertaimen Indonesia; PT.
AUDIO (ICO),GAGAS MAHADAYA INDERA; PT. (ICO)
CONTENT & PRODUCTION,YIELD MARKETING TECHNOLOGY; PT.
FEE,GAGAS MAHADAYA INDERA; PT. (INCA)
CONTENT & PRODUCTION,Amira Dewi Dayanara PT
VIDEO (ICO),GAGAS MAHADAYA INDERA; PT. (ICO) - Programmatic
VIDEO,KEDO DIGITAL SOLUSI; PT.
SPONSORSHIP/ PACKAGE,TRI MEDIA ARUNA SEJAHTERA PT.
VIDEO,PT. CITRA MULTIMEDIA INDONESIA
SPONSORSHIP/ PACKAGE,WEB MARKETING INDONESIA; PT.
FEE,DOUBLE VERIFY INC
PUBLISHER,MEDIA INSANI ABADI PT.
MOBILE APP,MAIDEN MARKETING PTE. LTD
ECOMMERCE,GOOGLE INDONESIA; PT
SPONSORSHIP/ PACKAGE,GOOGLE INDONESIA; PT
DISPLAY,MNC OKEZONE NETWORK; PT
DISPLAY,LEMBAGA KANTOR BERITA NASIONAL ANTARA
FEE,DAILY DINAMIKA KREASI; PT.
TECH SERVICE,BUFFALO TECHNOLOGY PTE LTD
CONTENT & PRODUCTION,CV DUA PILAR KREATIF
CONTENT & PRODUCTION,GLOBAL URBAN ESENSIAL; PT
CONTENT & PRODUCTION,KOMITE OLIMPIADE INDONESIA
DISPLAY,INSIDER PTE LTD
SPONSORSHIP/ PACKAGE,VISI CIPTA BENTARA LOKA; PT
FEE,KEDO DIGITAL SOLUSI; PT.
VIDEO,MOBKOI ASIA PTE. LTD.
DISPLAY,Wahana Ekonomi Semesta PT.
SPONSORSHIP/ PACKAGE,GOOD DOCTOR TECHNOLOGY INDONESIA; PT
CONTENT & PRODUCTION,BINTANG LANGIT MULTIMEDIA; PT.
CONTENT & PRODUCTION,GLOBAL VISI MEDIA; PT
SPONSORSHIP/ PACKAGE,AFFLE INDONESIA; PT
FEE,METRA DIGITAL MEDIA; PT
AFFILIATE,TOKOPEDIA; PT.
SPONSORSHIP/ PACKAGE,GERBANG JUARA CV.
SPONSORSHIP/ PACKAGE,PT MAVERICK EMAS INDONESIA
INFLUENCER,KOMPAS CYBER MEDIA; PT.
INFLUENCER,MEDIA PUTRA NUSANTARA
CONTENT & PRODUCTION,HTTPOOL DIGITAL INDONESIA; PT.
DISPLAY,VIDIO DOT COM; PT.
SPONSORSHIP/ PACKAGE,ALODOKTER TEKNOLOGI SOLUSI; PT
DISPLAY,NUSANTARA MEDIA MANDIRI PT.
DISPLAY,AP&M INDONESIA PT.
SPONSORSHIP/ PACKAGE,MEDIA INSANI ABADI; PT.
CONTENT & PRODUCTION,FORK MEDIA ASIA PTE. LTD
DISPLAY,REPUBLIKA MEDIA MANDIRI PT.
SPONSORSHIP/ PACKAGE,INFOARTA PRATAMA; PT
SPONSORSHIP/ PACKAGE,RAHASIA GADIS NUSANTARA; PT
SPONSORSHIP/ PACKAGE,TOKOPEDIA; PT.
CONTENT & PRODUCTION,GOTO GOJEK TOKOPEDIA Tbk; PT
DISPLAY,SPOTIFY SERVICES INDONESIA; PT.
DIGITAL TV,VIDIO DOT COM; PT.
MOBILE APP,RTB HOUSE PTE LTD
CONTENT & PRODUCTION,FOLKA CIPTA KARYA; PT
DISPLAY,SeenThis Pte Ltd
VIDEO,YIELD MARKETING TECHNOLOGY; PT.
DISPLAY,AdColony Singapore PTE Ltd
CONTENT & PRODUCTION,NUMEDIA ARTHA KOMUNIKA; PT
CONTENT & PRODUCTION,VIVANEWS INDONESIA PT
PBU DISPLAY,MEDIACOM SINGAPORE (A DIVISION OF GROUPM SINGAPORE PTE LTD)
SPONSORSHIP/ PACKAGE,DHARMA NYATA PRESS; PT
DISPLAY,INMOBI PTE. LTD.
SPONSORSHIP/ PACKAGE,Kartini Otomasi Indonesia PT.
SPONSORSHIP/ PACKAGE,Dharmakencana Dipta Paramitha PT
SPONSORSHIP/ PACKAGE,PRIMA INFOSARANA MEDIA; PT
FEE,MP GAMES; PT.
DISPLAY,PRIMA INFOSARANA MEDIA; PT
CONTENT & PRODUCTION,CLOZETTE INTERAKTIF INDONESIA; PT.
TOP UP,TOKOPEDIA; PT.
FEE,SHOPEE INTERNATIONAL INDONESIA; PT
CONTENT & PRODUCTION,BILNA ; PT
VIDEO,GOTO GOJEK TOKOPEDIA Tbk; PT
FEE,GAGAS MAHADAYA INDERA; PT.
DISPLAY,Monster Entertainment Indonesia; PT
CONTENT & PRODUCTION,GOTO GOJEK TOKOPEDIA Tbk; PT
TRAFFICC,FACEBOOK IRELAND LIMITED.
CONTENT & PRODUCTION,MEDIA ANAK BINTANG PT.
FEE,TRIBUN DIGITAL ONLINE; PT.
DISPLAY,BOUNTY MEDIA PTE LTD
PACKAGE,MEDIA PUTRA NUSANTARA
FEE,GAGAS MAHADAYA INDERA; PT. (INCA)
DISPLAY,JAWA POS GROUP MULTIMEDIA; PT.
AD-OPS,MP GAMES; PT.
DISPLAY,PT. INFO MEDIA DIGITAL
PRODUCTION,CLOZETTE INTERAKTIF INDONESIA; PT.
FEE,FACEBOOK IRELAND LIMITED.
PACKAGE,LIPUTAN6 DOT COM
DISPLAY,PT. CITRA MULTIMEDIA INDONESIA
MOBILE APP,MOBINET PTE. LTD.
PAID NON VIDEO,HTTPOOL DIGITAL INDONESIA; PT.
TECH SERVICE,TELEKOMUNIKASI SELULAR; PT.
DISPLAY,PT Bersatu Universe Digital Indonesia (Internet)
SPONSORSHIP/ PACKAGE,HIGHEND MULTIMEDIA INDONESIA;PT
MOBILE APP,AdColony Singapore PTE Ltd
AUDIO,GOOGLE INDONESIA; PT
DISPLAY,VIVANEWS INDONESIA PT
CONTENT & PRODUCTION,PRIMA INFOSARANA MEDIA; PT
VIDEO,GAGAS MAHADAYA INDERA; PT. (ICO)
SEARCH,FACEBOOK IRELAND LIMITED.
PRODUCTION,GAGAS MAHADAYA INDERA; PT. (ICO) - INCA
CONTENT & PRODUCTION,PCCW OTT (PHILIPPINES); INC.
CONTENT & PRODUCTION,JAMPI MEDIA; PT.
DISPLAY,GAJAH MERAH TERBANG; PT.
CONTENT & PRODUCTION,GOTO GOJEK TOKOPEDIA Tbk; PT
CONTENT & PRODUCTION,CV VOBI IDN
PUBLISHER,SHOPCOMM SOLUSI INDONESIA; PT
CONTENT & PRODUCTION,VIDIO DOT COM; PT.
VIDEO,HTTPOOL DIGITAL INDONESIA; PT.
CONTENT & PRODUCTION,PT DYANDRA GLOBAL EDUTAIMENT
VIDEO,Infomo Media Technology
DISPLAY,REMERGE PTE LTD
CONTENT & PRODUCTION,DUNIA VISITAMA PRODUKSI; PT.
CONTENT & PRODUCTION,KREASI KARYA BANGSA; PT
AD-OPS,NIELSEN AUDIENCE MEASUREMENT; PT.
DISPLAY,VUCLIP DIGITAL INDONESIA PT.
SPONSORSHIP/ PACKAGE,PT. BUKALAPAK.COM
CONTENT & PRODUCTION,VUCLIP DIGITAL INDONESIA PT.
CONTENT & PRODUCTION,CITRA MEDIANUSA PURNAMA; PT
SPONSORSHIP/ PACKAGE,FACEBOOK IRELAND LIMITED.
CONTENT & PRODUCTION,KONEKSI NIAGA SOLUSINDO; PT
INFLUENCER,IMPRESI BAGUS ASIA PT.
DISPLAY,VENTES AVENUE PRIVATE LIMITED
CONTENT & PRODUCTION,FACEBOOK IRELAND LIMITED.
CONTENT & PRODUCTION,ALODOKTER TEKNOLOGI SOLUSI; PT
ANALYTICS,FACEBOOK IRELAND LIMITED.
MOBILE APP,AFFLE INDONESIA; PT
VIDEO,MAHAKA RADIO DIGITAL;PT
CONTENT & PRODUCTION,OPI PERSADA INDONESIA PT.
PUBLISHER,MEDIA PUTRA NUSANTARA
AD-OPS,FACEBOOK IRELAND LIMITED.
CONTENT & PRODUCTION,TICKLED MEDIA PTE LTD
DISPLAY,DARTA MEDIA INDONESIA; PT
DISPLAY,CHOREOGRAPH LIMITED
PRODUCTION,SUPER FANTASI DOT COM PT.
FEE,KANTAR INDONESIA INTERNATIONAL; PT.
CONTENT & PRODUCTION,PT. MARKETEERS INTERNATIONAL
CONTENT & PRODUCTION,VUCLIP DIGITAL INDONESIA PT.
VIDEO,FORK MEDIA ASIA PTE. LTD
FEE,FORMASI AGUNG SELARAS;  PT.
FEE (ICO),GAGAS MAHADAYA INDERA; PT. (ICO) - INCA
VIDEO,INMOBI PTE. LTD.
CONTENT & PRODUCTION,PRICEBOOK DIGITAL INDONESIA; PT
DISPLAY,TRANS DIGITAL MEDIA; PT
DISPLAY,GLOBAL URBAN ESENSIAL; PT
SPONSORSHIP/ PACKAGE,GOTO GOJEK TOKOPEDIA Tbk; PT
DISPLAY,PT. MEDIA DONUTS INDONESIA
DISPLAY (ICO),GAGAS MAHADAYA INDERA; PT. (ICO) - Programmatic
DISPLAY,LATIVI MEDIA KARYA TVONE; PT.
SPONSORSHIP/ PACKAGE,Grab Teknologi Pariwara Indonesia; PT
DISPLAY,METRA-NET; PT
SPONSORSHIP/ PACKAGE,NAVER WEBTOON CORPORATION
DIGITAL TV,VUCLIP DIGITAL INDONESIA PT.
AFFILIATE,MINDO SMALL BUSINESS SOLUTIONS PT.
TOP UP,SHOPEE INTERNATIONAL INDONESIA; PT
DISPLAY,SHOPBACK MITRA SEJAHTERA; PT.
MOBILE APP,JEJAK DIGITAL INDONESIA; PT.
SPONSORSHIP/ PACKAGE,Nizertek Lintas Bumi; PT
TECH SERVICE,ICUBESWIRE TECHNOLOGIES PRIVATE LIMITED
CONTENT & PRODUCTION,KONTEN CIPTA KREATIF; PT
SPONSORSHIP/ PACKAGE,Hybe Co; Ltd.
PRODUCTION,CHEIL WORLDWIDE INDONESIA; PT
CONTENT & PRODUCTION,PT Bersatu Universe Digital Indonesia (Internet)
AD-OPS,SMARTLY.IO SOLUTIONS OY
AFFILIATE,FACEBOOK IRELAND LIMITED.
TRAFFICC,GLOBAL DIGITAL NIAGA; PT
SPONSORSHIP/ PACKAGE,KOMUNIKASI PERKASA INTERNATIONAL; PT.
DISPLAY,XAPADS MEDIA PTE.LTD
SPONSORSHIP/ PACKAGE,AdColony Singapore PTE Ltd
SPONSORSHIP/ PACKAGE,PT. MEDIA KAPITAL INDONESIA
ANALYTICS,MP GAMES; PT.
DISPLAY,KONEKSI NIAGA SOLUSINDO; PT
CONTENT & PRODUCTION,RANS SATU BUNDA;PT
DISPLAY,GAGAS MAHADAYA INDERA; PT.
CONTENT & PRODUCTION,BUZZO DIGITAL INDONESIA PT.
VIDEO,GAGAS MAHADAYA INDERA; PT.
FEE,KOMPAS CYBER MEDIA; PT.
VIDEO,MAIDEN MARKETING PTE. LTD
DISPLAY,MAGNITE; INC.
PRODUCTION,GAGAS MAHADAYA INDERA; PT. (INCA)
SPONSORSHIP/ PACKAGE,ALPHA MERAH KREASI; PT.
MOBILE APP,JAWA POS GROUP MULTIMEDIA; PT.
SPONSORSHIP/ PACKAGE,GRAB TEKNOLOGI INDONESIA; PT.
DISPLAY (ICO),GAGAS MAHADAYA INDERA; PT. (ICO) - Programmatic
DISPLAY,ALODOKTER TEKNOLOGI SOLUSI; PT
DISPLAY,PT BLUE BIRD TBK (DIGITAL)
DISPLAY,TEADS INDONESIA ADVERTISING; PT
CONTENT & PRODUCTION,BAPAK BAPAK SERIUS PT.
VIDEO,BINTANG LANGIT MULTIMEDIA; PT.
AFFILIATE,INTERSPACE INDONESIA; PT.
VIDEO,ADMATTIC ASIA PACIFIC PT.
CONTENT & PRODUCTION,GLOBAL DIGITAL NIAGA; PT
CONTENT & PRODUCTION,KOMPAS
CONTENT & PRODUCTION,QEON INTERACTIVE; PT
FEE,HELLO HEALTH GROUP; PTE LTD
DISPLAY,PENERBITAN SARANA BOBO; PT
DISPLAY,FIRST MEDIA NEWS; PT.
CONTENT & PRODUCTION,GOOGLE INDONESIA; PT
CONTENT & PRODUCTION,ETCETERA ARTECHSINDO ;PT
DIGITAL,MEDIA TELEVISI INDONESIA; PT.
SPONSORSHIP/ PACKAGE,HTTPOOL DIGITAL INDONESIA; PT.
DISPLAY,GAGAS MAHADAYA INDERA; PT.
VIDEO (ICO),GAGAS MAHADAYA INDERA; PT. (ICO)
MOBILE APP,YIELD MARKETING TECHNOLOGY; PT.
FEE,GLOBAL DIGITAL NIAGA; PT
CONTENT & PRODUCTION,INFOMETRO MEDIATAMA; PT.
FEE,VIDIO DOT COM; PT.
MOBILE APP,TRANS DIGITAL MEDIA; PT
FEE,AFFLE INDONESIA; PT
DISPLAY,Investortrust Indonesia Sejahtera PT.

